{"IcoMoonType":"selection","icons":[{"icon":{"paths":["M804.571 420.571v109.714c0 30.286-24.571 54.857-54.857 54.857h-694.857c-30.286 0-54.857-24.571-54.857-54.857v-109.714c0-30.286 24.571-54.857 54.857-54.857h694.857c30.286 0 54.857 24.571 54.857 54.857z"],"width":804.5714285714286,"attrs":[],"isMulticolor":false,"isMulticolor2":false,"tags":["minus"],"defaultCode":61544,"grid":14},"attrs":[],"properties":{"name":"line","id":3,"order":15,"prevSize":28,"code":61544},"setIdx":0,"setId":0,"iconIdx":3},{"icon":{"paths":["M838.857 217.143c21.143 21.143 38.857 63.429 38.857 93.714v658.286c0 30.286-24.571 54.857-54.857 54.857h-768c-30.286 0-54.857-24.571-54.857-54.857v-914.286c0-30.286 24.571-54.857 54.857-54.857h512c30.286 0 72.571 17.714 93.714 38.857zM585.143 77.714v214.857h214.857c-3.429-9.714-8.571-19.429-12.571-23.429l-178.857-178.857c-4-4-13.714-9.143-23.429-12.571zM804.571 950.857v-585.143h-237.714c-30.286 0-54.857-24.571-54.857-54.857v-237.714h-438.857v877.714h731.429z"],"width":877.7142857142857,"attrs":[],"isMulticolor":false,"isMulticolor2":false,"tags":["file-o"],"defaultCode":61462,"grid":14},"attrs":[],"properties":{"name":"new","id":25,"order":19,"prevSize":28,"code":61462},"setIdx":0,"setId":0,"iconIdx":25},{"icon":{"paths":["M1024 512c0 9.714-4 18.857-10.857 25.714l-146.286 146.286c-6.857 6.857-16 10.857-25.714 10.857-20 0-36.571-16.571-36.571-36.571v-73.143h-219.429v219.429h73.143c20 0 36.571 16.571 36.571 36.571 0 9.714-4 18.857-10.857 25.714l-146.286 146.286c-6.857 6.857-16 10.857-25.714 10.857s-18.857-4-25.714-10.857l-146.286-146.286c-6.857-6.857-10.857-16-10.857-25.714 0-20 16.571-36.571 36.571-36.571h73.143v-219.429h-219.429v73.143c0 20-16.571 36.571-36.571 36.571-9.714 0-18.857-4-25.714-10.857l-146.286-146.286c-6.857-6.857-10.857-16-10.857-25.714s4-18.857 10.857-25.714l146.286-146.286c6.857-6.857 16-10.857 25.714-10.857 20 0 36.571 16.571 36.571 36.571v73.143h219.429v-219.429h-73.143c-20 0-36.571-16.571-36.571-36.571 0-9.714 4-18.857 10.857-25.714l146.286-146.286c6.857-6.857 16-10.857 25.714-10.857s18.857 4 25.714 10.857l146.286 146.286c6.857 6.857 10.857 16 10.857 25.714 0 20-16.571 36.571-36.571 36.571h-73.143v219.429h219.429v-73.143c0-20 16.571-36.571 36.571-36.571 9.714 0 18.857 4 25.714 10.857l146.286 146.286c6.857 6.857 10.857 16 10.857 25.714z"],"width":1024,"attrs":[],"isMulticolor":false,"isMulticolor2":false,"tags":["arrows"],"defaultCode":61511,"grid":14},"attrs":[],"properties":{"name":"move","id":71,"order":4,"prevSize":28,"code":61511},"setIdx":0,"setId":0,"iconIdx":71},{"icon":{"paths":["M731.429 859.429c0 9.714-8.571 18.286-18.286 18.286h-548.571c-21.143 0-18.286-22.286-18.286-36.571v-329.143h-109.714c-20 0-36.571-16.571-36.571-36.571 0-8.571 2.857-17.143 8.571-23.429l182.857-219.429c6.857-8 17.143-12.571 28-12.571s21.143 4.571 28 12.571l182.857 219.429c5.714 6.286 8.571 14.857 8.571 23.429 0 20-16.571 36.571-36.571 36.571h-109.714v219.429h329.143c5.143 0 10.857 2.286 14.286 6.286l91.429 109.714c2.286 3.429 4 8 4 12zM1097.143 621.714c0 8.571-2.857 17.143-8.571 23.429l-182.857 219.429c-6.857 8-17.143 13.143-28 13.143s-21.143-5.143-28-13.143l-182.857-219.429c-5.714-6.286-8.571-14.857-8.571-23.429 0-20 16.571-36.571 36.571-36.571h109.714v-219.429h-329.143c-5.143 0-10.857-2.286-14.286-6.857l-91.429-109.714c-2.286-2.857-4-7.429-4-11.429 0-9.714 8.571-18.286 18.286-18.286h548.571c21.143 0 18.286 22.286 18.286 36.571v329.143h109.714c20 0 36.571 16.571 36.571 36.571z"],"width":1097.142857142857,"attrs":[],"isMulticolor":false,"isMulticolor2":false,"tags":["retweet"],"defaultCode":61561,"grid":14},"attrs":[],"properties":{"name":"rotate","id":115,"order":17,"prevSize":28,"code":61561},"setIdx":0,"setId":0,"iconIdx":115},{"icon":{"paths":["M1073.714 544c0 13.714-8.571 27.429-17.714 37.714l-192 226.286c-33.143 38.857-100.571 69.714-150.857 69.714h-621.714c-20.571 0-49.714-6.286-49.714-32 0-13.714 8.571-27.429 17.714-37.714l192-226.286c33.143-38.857 100.571-69.714 150.857-69.714h621.714c20.571 0 49.714 6.286 49.714 32zM877.714 347.429v91.429h-475.429c-71.429 0-160 40.571-206.286 95.429l-195.429 229.714c0-4.571-0.571-9.714-0.571-14.286v-548.571c0-70.286 57.714-128 128-128h182.857c70.286 0 128 57.714 128 128v18.286h310.857c70.286 0 128 57.714 128 128z"],"width":1073.7371428571428,"attrs":[],"isMulticolor":false,"isMulticolor2":false,"tags":["folder-open"],"defaultCode":61564,"grid":14},"attrs":[],"properties":{"name":"load","id":118,"order":11,"prevSize":28,"code":61564},"setIdx":0,"setId":0,"iconIdx":118},{"icon":{"paths":["M1024 512c0 9.714-4 18.857-10.857 25.714l-146.286 146.286c-6.857 6.857-16 10.857-25.714 10.857-20 0-36.571-16.571-36.571-36.571v-73.143h-585.143v73.143c0 20-16.571 36.571-36.571 36.571-9.714 0-18.857-4-25.714-10.857l-146.286-146.286c-6.857-6.857-10.857-16-10.857-25.714s4-18.857 10.857-25.714l146.286-146.286c6.857-6.857 16-10.857 25.714-10.857 20 0 36.571 16.571 36.571 36.571v73.143h585.143v-73.143c0-20 16.571-36.571 36.571-36.571 9.714 0 18.857 4 25.714 10.857l146.286 146.286c6.857 6.857 10.857 16 10.857 25.714z"],"width":1024,"attrs":[],"isMulticolor":false,"isMulticolor2":false,"tags":["arrows-h"],"defaultCode":61566,"grid":14},"attrs":[],"properties":{"name":"scale","id":120,"order":9,"prevSize":28,"code":61566},"setIdx":0,"setId":0,"iconIdx":120},{"icon":{"paths":["M804 472c0-26.857-5.143-97.143-14.286-120-10.857-27.429-17.143-42.857-17.143-73.714 0-26.286 5.714-52 5.714-77.714 0-10.857-0.571-22.286-5.714-31.429-2.286-0.571-5.143-0.571-7.429-0.571-22.286 0-44.571 5.143-66.857 5.143-68 0-132.571-27.429-200.571-27.429-53.143 0-104.571 20-153.714 39.429-38.857 15.429-81.714 33.714-115.429 58.857-115.429 87.429-155.429 247.429-155.429 385.143 0 46.286 14.286 91.429 14.286 137.714 0 26.286-12.571 50.286-12.571 75.429 0 16 9.143 29.143 26.286 29.143 28 0 54.857-12.571 83.429-12.571 65.143 0 128.571 17.714 193.714 17.714 50.857 0 114.857-4 162.286-20.571 150.286-53.143 263.429-226.857 263.429-384.571zM877.143 470.857c0 190.286-132 390.857-312.571 454.857-56.571 20-126.857 25.143-186.286 25.143-65.143 0-129.143-16.571-193.714-16.571-27.429 0-54.857 16.571-83.429 16.571-56.571 0-99.429-50.857-99.429-105.143 0-26.857 12.571-50.857 12.571-77.143 0-46.286-14.286-91.429-14.286-138.286 0-162.286 49.714-341.714 184.571-444 38.857-29.714 87.429-50.857 132.571-68.571 58.286-23.429 117.143-44.571 180.571-44.571 68 0 132.571 27.429 199.429 27.429 21.714 0 43.429-5.714 65.714-5.714 65.143 0 88.571 46.286 88.571 105.714 0 25.714-5.714 52-5.714 77.714 0 20.571 5.143 28.571 12 46.857 13.143 33.143 19.429 109.143 19.429 145.714z"],"width":877.1291428571428,"attrs":[],"isMulticolor":false,"isMulticolor2":false,"tags":["lemon-o"],"defaultCode":61588,"grid":14},"attrs":[],"properties":{"name":"ellipse","id":140,"order":16,"prevSize":28,"code":61588},"setIdx":0,"setId":0,"iconIdx":140},{"icon":{"paths":["M640 146.286h-475.429c-50.286 0-91.429 41.143-91.429 91.429v475.429c0 50.286 41.143 91.429 91.429 91.429h475.429c50.286 0 91.429-41.143 91.429-91.429v-475.429c0-50.286-41.143-91.429-91.429-91.429zM804.571 237.714v475.429c0 90.857-73.714 164.571-164.571 164.571h-475.429c-90.857 0-164.571-73.714-164.571-164.571v-475.429c0-90.857 73.714-164.571 164.571-164.571h475.429c90.857 0 164.571 73.714 164.571 164.571z"],"width":804.5714285714286,"attrs":[],"isMulticolor":false,"isMulticolor2":false,"tags":["square-o"],"defaultCode":61590,"grid":14},"attrs":[],"properties":{"name":"rectangle","id":142,"order":6,"prevSize":28,"code":61590},"setIdx":0,"setId":0,